Title,Company,Location,Compensation,Posted Time,Job Link
Software Engineering Intern Summer 2025,Gemini,intern,$22k,17h,https://web3.career/software-engineering-intern-summer-2025-gemini/93948
Summer Data Analytics and Engineering Intern,Integra,Remote,$80k,2d,https://web3.career/summer-data-analytics-and-engineering-intern-integra/93723
Research Analyst Intern Summer,Integra,Remote,$32k,2d,https://web3.career/research-analyst-intern-summer-integra/93722
Research Analyst Intern Spring Semester,Integra,Remote,$32k,2d,https://web3.career/research-analyst-intern-spring-semester-integra/93721
,,,,,
Data Scientist Intern PhD Summer,Integra,Remote,$21k,2d,https://web3.career/data-scientist-intern-phd-summer-integra/93720
Data Analyst Intern Summer,Integra,Remote,$79k,2d,https://web3.career/data-analyst-intern-summer-integra/93719
Junior FrontEnd Engineer GR8 Platm,Gr8tech,Remote,$100k,2d,https://web3.career/junior-front-end-engineer-for-gr8-platform-gr8tech/93671
Junior QA Engineer,Gr8tech,Remote,$90k,2d,https://web3.career/junior-qa-engineer-gr8tech/93657
Agentic Internship Program,Nethermind,Remote,$87k,3d,https://web3.career/agentic-internship-program-nethermind/90615
Agentic Internship Program,Nethermind,Remote,$87k,3d,https://web3.career/agentic-internship-program-nethermind/88931
Hardware Internship Program,Nethermind,Remote,$45k,3d,https://web3.career/hardware-internship-program-nethermind/92038
Junior Embedded Developer,Nethermind,Remote,$45k,3d,https://web3.career/junior-embedded-developer-nethermind/90612
Business Development OffCycle Internship,Gsrmarkets,Remote,$45k,3d,https://web3.career/business-development-off-cycle-internship-gsrmarkets/87814
Graduate Bitpanda NextGen 2025,Bitpanda,Remote,$22k,3d,https://web3.career/graduate-bitpanda-nextgen-2025-bitpanda/88671
Software Engineering Graduate Internship Programming Languages and Security Summer 2025,Aptoslabs,Remote,$156k,4d,https://web3.career/software-engineering-graduate-internship-programming-languages-and-security-summer-2025-aptoslabs/93021
PhD Internship Program,Nethermind,intern,$72k,5d,https://web3.career/phd-internship-program-nethermind/74456
Intern Software Engineering,Bitpanda,Remote,$120k,5d,https://web3.career/intern-software-engineering-bitpanda/92941
Intern Program Management,Bitpanda,Remote,$31k,5d,https://web3.career/intern-program-management-bitpanda/88570
Junior Business Development Manager DeFi,Arrakis Finance,Remote,$45k,6d,https://web3.career/junior-business-development-manager-defi-arrakisfinance/92871
,,,,,
Intern Business IT,Bitpanda,Remote,$31k,6d,https://web3.career/intern-business-it-bitpanda/92819
Sales Development Intern,Keyfactor,intern,$21k,8d,https://web3.career/sales-development-intern-keyfactor/92709
Junior VIP Host Portuguese Speaking,Easygo,Remote,$22k,8d,https://web3.career/junior-vip-host-portuguese-speaking-easygo/92691
Agentic Internship Program,Nethermind,Remote,$87k,9d,https://web3.career/agentic-internship-program-nethermind/90626
Agentic Internship Program,Nethermind,Remote,$87k,9d,https://web3.career/agentic-internship-program-nethermind/90625
Agentic Internship Program,Nethermind,Remote,$87k,9d,https://web3.career/agentic-internship-program-nethermind/90624
Agentic Internship Program,Nethermind,Remote,$87k,9d,https://web3.career/agentic-internship-program-nethermind/90623
Agentic Internship Program,Nethermind,Remote,$87k,9d,https://web3.career/agentic-internship-program-nethermind/90622
Agentic Internship Program,Nethermind,Remote,$87k,9d,https://web3.career/agentic-internship-program-nethermind/90621
Agentic Internship Program,Nethermind,Remote,$87k,9d,https://web3.career/agentic-internship-program-nethermind/90620
Agentic Internship Program,Nethermind,Remote,$87k,9d,https://web3.career/agentic-internship-program-nethermind/90619
Agentic Internship Program,Nethermind,Remote,$87k,9d,https://web3.career/agentic-internship-program-nethermind/90618
Agentic Internship Program,Nethermind,Remote,$87k,9d,https://web3.career/agentic-internship-program-nethermind/90617
Agentic Internship Program,Nethermind,Remote,$87k,9d,https://web3.career/agentic-internship-program-nethermind/90616
Agentic Internship Program,Nethermind,Remote,$87k,9d,https://web3.career/agentic-internship-program-nethermind/90614
,,,,,
Agentic Internship Program,Nethermind,Remote,$87k,9d,https://web3.career/agentic-internship-program-nethermind/90613
Junior Frontend Engineer,Rampnetwork,Remote,$122k,10d,https://web3.career/junior-frontend-engineer-rampnetwork/88934
Jr. Trader APAC OTC Spot Desk,Kraken,Remote,$81k,13d,https://web3.career/jr-trader-apac-otc-spot-desk-kraken/92412
Summer 2025 Data Science Intern US Canada,Whatnot,Remote,$21k,15d,https://web3.career/summer-2025-data-science-intern-us-canada-whatnot/92287
Graduate Quant Analyst,Elwoodtechnologies,Remote,,15d,https://web3.career/graduate-quant-analyst-elwoodtechnologies/92237
Intern Business Continuity,Bitpanda,Remote,$22k,15d,https://web3.career/intern-business-continuity-bitpanda/89428
Financial Product Development Intern,21co,Remote,$72k,15d,https://web3.career/financial-product-development-intern-21co/92233
Junior Backend Engineer,SideShift.ai,backend,$50k,16d,https://web3.career/junior-backend-engineer-sideshift-ai/78172
Junior Product Manager,Metallicus,junior,$45k,1mo,https://web3.career/junior-product-manager-metallicus/90163
Junior Backend Engineer,Metallicus,backend,$98k,1mo,https://web3.career/junior-backend-engineer-metallicus/90162
Intern Treasury ALM,Bitpanda,Remote,$22k,1mo,https://web3.career/intern-treasury-alm-bitpanda/87394
Data Analyst Researcher Intern,SkyTrade,Remote,$91k,1mo,https://web3.career/data-analyst-researcher-intern-skytrade/89803
Mobile Developer Intern,Atlas Space,Remote,$22k,2mo,https://web3.career/mobile-developer-intern-atlasspace/89128
Junior HR Manager,Dragon Farm,Remote,$22k,2mo,https://web3.career/junior-hr-manager-dragonfarm/89126
Junior Frontend Engineer,Wallet,Remote,$45k,2mo,https://web3.career/junior-frontend-engineer-wallet/88993
,,,,,
Digital Marketing Intern,Trojan,Remote,$45k,2mo,https://web3.career/digital-marketing-intern-trojan/88619
Super Degen Marketing Intern,Coinshift,intern,$24k,2mo,https://web3.career/super-degen-marketing-intern-coinshift/88563
Social Media Marketing Intern,Miwa Events,intern,$10k,2mo,https://web3.career/social-media-marketing-intern-miwa-events/88035
Junior Accountant,MoonPay,accounting,$76k,2mo,https://web3.career/junior-accountant-moonpay/87333
Software Engineering Intern,Ethereum Foundation,intern,$96k,2mo,https://web3.career/software-engineering-intern-ethereum-foundation/86518
Research Intern,Ethereum Foundation,research,$96k,2mo,https://web3.career/research-intern-ethereum-foundation/86517
Graduate Rates Trader,B2C2,Remote,$45k,2mo,https://web3.career/graduate-rates-trader-b2c2/86452
APAC Business Development Intern,Coinmarketcap,",",$21k,2mo,https://web3.career/apac-business-development-intern-coinmarketcap/85596
Jr Product Manager,Aurora Labs,junior,$72k,3mo,https://web3.career/jr-product-manager-aurora-dev/85366
Growth Intern,Polymarket,growth,,3mo,https://web3.career/growth-intern-polymarket/76782
Summer 2025 Research Intern,Monad,research,$32k,3mo,https://web3.career/summer-2025-research-intern-monad/85314
Junior Mid QA Engineer,LI.FI,engineer,$87k,3mo,https://web3.career/junior-mid-qa-engineer-li-fi/85209
Junior Business Development Executive,RDX Works,business development,$70k,3mo,https://web3.career/junior-business-development-executive-rdx-works/81899
Junior Python Developer,B2C2,Remote,$22k,3mo,https://web3.career/junior-python-developer-b2c2/84142
Junior Java Developer,B2C2,Remote,$80k,3mo,https://web3.career/junior-java-developer-b2c2/84141
,,,,,
Crypto Junior Financial Controller,IMC,Remote,$68k,3mo,https://web3.career/crypto-junior-financial-controller-imc/83780
Growth Intern,Orderlynetwork,growth,$45k,3mo,https://web3.career/growth-intern-orderlynetwork/83708
Web3 DevRel Intern,Gelato,Remote,$45k,4mo,https://web3.career/web3-devrel-intern-gelato/81836
Junior Developer Canada Wide Remote,Newton,",",$22k,4mo,https://web3.career/junior-developer-canada-wide-remote-newton/80941
Business Development Intern,Coinmarketcap,",",$21k,4mo,https://web3.career/business-development-intern-coinmarketcap/80641
Junior Incentives Researcher,Flashbots,research,$32k,4mo,https://web3.career/junior-incentives-researcher-flashbots/80573
Intern,Nibiru,intern,$21k,4mo,https://web3.career/intern-nibiru/79788
Junior Smart Contract Developer,LI.FI,dev,$45k,4mo,https://web3.career/junior-smart-contract-developer-li-fi/79464
Social Media Intern,Polymarket,intern,,5mo,https://web3.career/social-media-intern-polymarket/70226
Chinese Marketing Internship Paid,Big Time,intern,$22k,5mo,https://web3.career/chinese-marketing-internship-paid-bigtime/78899
Binance Accelerator Program Research Data Analyst Intern,Binance,",",,5mo,https://web3.career/binance-accelerator-program-research-data-analyst-intern-binance/78880
Junior Social Media Manager,TON Society,Remote,$31k,5mo,https://web3.career/junior-social-media-manager-tonsociety/78734
Crypto Business Development Intern London Remote,Token Metrics,business development,$41k,5mo,https://web3.career/crypto-business-development-intern-london-remote-tokenmetrics/78161
Junior Account Executive UKI,Keyfactor,account manager,,5mo,https://web3.career/junior-account-executive-uki-keyfactor/78138
Crypto Investment Analyst Intern PakistanRemote,Token Metrics,",",$45k,5mo,https://web3.career/crypto-investment-analyst-intern-pakistan-remote-tokenmetrics/77980
,,,,,
Crypto Investment Analyst Intern LisbonRemote,Token Metrics,",",$45k,5mo,https://web3.career/crypto-investment-analyst-intern-lisbon-remote-tokenmetrics/77979
Crypto Investment Analyst Intern CapetownRemote,Token Metrics,",",$45k,5mo,https://web3.career/crypto-investment-analyst-intern-capetown-remote-tokenmetrics/77978
Crypto Investment Analyst Intern BudapestRemote,Token Metrics,",",$45k,5mo,https://web3.career/crypto-investment-analyst-intern-budapest-remote-tokenmetrics/77977
Crypto Investment Analyst Intern Bengaluru Remote,Token Metrics,",",$45k,5mo,https://web3.career/crypto-investment-analyst-intern-bengaluru-remote-tokenmetrics/77976
Junior Mid DevOps Engineer,LI.FI,devops,$122k,5mo,https://web3.career/junior-mid-devops-engineer-li-fi/77782
Crypto Business Development Intern SydneyRemote,Token Metrics,business development,$41k,5mo,https://web3.career/crypto-business-development-intern-sydney-remote-tokenmetrics/77001
Crypto SaaS Product Manager Intern South AfricaRemote,Token Metrics,",",$22k,5mo,https://web3.career/crypto-saas-product-manager-intern-south-africa-remote-tokenmetrics/76967
Crypto SaaS Product Manager Intern NigeriaRemote,Token Metrics,",",$22k,5mo,https://web3.career/crypto-saas-product-manager-intern-nigeria-remote-tokenmetrics/76966
Crypto SaaS Product Manager Intern MumbaiRemote,Token Metrics,",",$22k,5mo,https://web3.career/crypto-saas-product-manager-intern-mumbai-remote-tokenmetrics/76965
Crypto SaaS Product Manager Intern LondonRemote,Token Metrics,",",$22k,5mo,https://web3.career/crypto-saas-product-manager-intern-london-remote-tokenmetrics/76964
Crypto SaaS Product Manager Intern IndonesiaRemote,Token Metrics,",",$22k,5mo,https://web3.career/crypto-saas-product-manager-intern-indonesia-remote-tokenmetrics/76963
Crypto SaaS Product Manager Intern GreeceRemote,Token Metrics,",",$22k,5mo,https://web3.career/crypto-saas-product-manager-intern-greece-remote-tokenmetrics/76962
Crypto SaaS Product Manager Intern ColombiaRemote,Token Metrics,Medellín,$22k,5mo,https://web3.career/crypto-saas-product-manager-intern-colombia-remote-tokenmetrics/76961
Blockchain and Full Stack Engineer Intern,SkyTrade,Remote,$105k,5mo,https://web3.career/blockchain-and-full-stack-engineer-intern-skytrade/76939
Hardware Engineer Drones Radar Intern,SkyTrade,Remote,$84k,5mo,https://web3.career/hardware-engineer-drones-radar-intern-skytrade/76938
,,,,,
Marketing Intern,SkyTrade,Remote,$45k,6mo,https://web3.career/marketing-intern-skytrade/75595
Marketing Internship,Coinmarketcap,intern,$41k,6mo,https://web3.career/marketing-internship-coinmarketcap/75366
Community Marketing Intern Japan and South Korea,Coinmarketcap,",",$72k,6mo,https://web3.career/community-marketing-intern-japan-and-south-korea-coinmarketcap/75363
UNPAID VOLUNTEER Junior Accounting Officer Accountant,Blockchain & Climate Institute,Remote,$16k,6mo,https://web3.career/unpaid-volunteer-junior-accounting-officer-accountant-blockchain-climateinstitute/74870
Community Manager Resident Intern,Jito Foundation,community manager,$140k,6mo,https://web3.career/community-manager-resident-intern-jito/74653
Graphic Design Intern,Orderlynetwork,design,$21k,6mo,https://web3.career/graphic-design-intern-orderlynetwork/73858
Mathematician Intern Quantitative Analysis and ProblemSolving,Openmesh,math,$45k,6mo,https://web3.career/mathematician-intern-quantitative-analysis-and-problem-solving-openmesh/73833
Master’s in Telecommunications Engineering Intern,Openmesh,intern,$45k,6mo,https://web3.career/master-s-in-telecommunications-engineering-intern-openmesh/73832
Master’s in Data Science Internship,Openmesh,data science,$75k,6mo,https://web3.career/master-s-in-data-science-internship-openmesh/73831
Junior Solidity Developer Smart Contract Development,Openmesh,dev,$72k,6mo,https://web3.career/junior-solidity-developer-smart-contract-development-openmesh/73830
Junior Software Engineer Intern,Openmesh,engineer,$105k,6mo,https://web3.career/junior-software-engineer-intern-openmesh/73829
Junior Data Scientist Intern,Openmesh,scientist,$72k,6mo,https://web3.career/junior-data-scientist-intern-openmesh/73828
Junior API Developer Integrations and Development,Openmesh,integration,$112k,6mo,https://web3.career/junior-api-developer-integrations-and-development-openmesh/73827
Junior Analyst Intern Mathematical Sciences BA MS,Openmesh,analyst,$87k,6mo,https://web3.career/junior-analyst-intern-mathematical-sciences-ba-ms-openmesh/73826
Bachelor’s in Aeronautical Engineering Internship Engineering Honors,Openmesh,intern,$72k,6mo,https://web3.career/bachelor-s-in-aeronautical-engineering-internship-engineering-honors-openmesh/73825
,,,,,
Web3 Business Development Video Editing Intern Unpaid,(OpenID3)DAuth Network Foundation,business development,$21k,6mo,https://web3.career/web3-business-development-video-editing-intern-unpaid-openid3-dauth-network-foundation/72824
Junior Tech Support,B2C2,Remote,,6mo,https://web3.career/junior-tech-support-b2c2/72536
Warpcast Intern Contract,Magic Eden,Remote,$21k,6mo,https://web3.career/warpcast-intern-contract-magiceden/72531
Developer Internship,Bitrefill,",",$90k,6mo,https://web3.career/developer-internship-bitrefill/72508
Junior Blockchain Frontend Developer,Aretum,Remote,$90k,6mo,https://web3.career/junior-blockchain-frontend-developer-aretum/72294
Junior Transition Manager,FalconX,Remote,$45k,6mo,https://web3.career/junior-transition-manager-falconx/71872
Content Marketing Intern,Shardeum Foundation,Remote,$22k,6mo,https://web3.career/content-marketing-intern-shardeumfoundation/71321
B2B Sales Intern,Magic Square,intern,,6mo,https://web3.career/b2b-sales-intern-magic-square/58846
Crypto Business Development Intern Cape TownRemote,Token Metrics,",",$41k,7mo,https://web3.career/crypto-business-development-intern-cape-town-remote-tokenmetrics/70888
Crypto Affiliate Marketing Specialist Intern WellingtonRemote,Token Metrics,Wellington,$41k,7mo,https://web3.career/crypto-affiliate-marketing-specialist-intern-wellington-remote-tokenmetrics/70887
Crypto Affiliate Marketing Specialist Intern SydneyRemote,Token Metrics,",",$41k,7mo,https://web3.career/crypto-affiliate-marketing-specialist-intern-sydney-remote-tokenmetrics/70886
Crypto Affiliate Marketing Specialist Intern OttawaRemote,Token Metrics,",",$41k,7mo,https://web3.career/crypto-affiliate-marketing-specialist-intern-ottawa-remote-tokenmetrics/70885
Crypto Affiliate Marketing Specialist Intern LondonRemote,Token Metrics,",",$41k,7mo,https://web3.career/crypto-affiliate-marketing-specialist-intern-london-remote-tokenmetrics/70884
Crypto Affiliate Marketing Specialist Intern Cape TownRemote,Token Metrics,",",$41k,7mo,https://web3.career/crypto-affiliate-marketing-specialist-intern-cape-town-remote-tokenmetrics/70883
Crypto Business Development Intern PakistanRemote,Token Metrics,",",$41k,7mo,https://web3.career/crypto-business-development-intern-pakistan-remote-tokenmetrics/70882
,,,,,
Crypto Business Development Intern NigeriaRemote,Token Metrics,",",$41k,7mo,https://web3.career/crypto-business-development-intern-nigeria-remote-tokenmetrics/70881
Crypto Business Development Intern ManilaRemote,Token Metrics,",",$41k,7mo,https://web3.career/crypto-business-development-intern-manila-remote-tokenmetrics/70880
Crypto Business Development Intern Malaysia Remote,Token Metrics,",",$41k,7mo,https://web3.career/crypto-business-development-intern-malaysia-remote-tokenmetrics/70879
64 Junior QA Engineer Blockchain,Altoros,Remote,$54k,7mo,https://web3.career/64-junior-qa-engineer-blockchain-altoros/70327
Founder Associate,Klink Finance,Remote,$45k,7mo,https://web3.career/founder-associate-klinkfinance/70260
Permance Marketing Intern,21.co,Remote,$21k,7mo,https://web3.career/performance-marketing-intern-21co/70236
Junior Backend Engineer,SideShift.ai,backend,$50k,7mo,https://web3.career/junior-backend-engineer-sideshift-ai/70059
Content Production Intern,Gemini,intern,$15k,7mo,https://web3.career/content-production-intern-gemini/69565
Trading Internship,GSR Markets,Remote,$45k,7mo,https://web3.career/trading-internship-gsrmarkets/69395
Founder Associate,Klink Finance,Remote,$45k,7mo,https://web3.career/founder-associate-klinkfinance/69287
Founder Associate,Klink Finance,Remote,$45k,7mo,https://web3.career/founder-associate-klinkfinance/69269
Junior Affiliate Manager,Binance,affiliate,,7mo,https://web3.career/junior-affiliate-manager-binance/69146
Quantitative Research Intern,Injective Labs,quantitative,$84k,7mo,https://web3.career/quantitative-research-intern-injectivelabs/68794
Crypto QA Automation Engineer Intern PakistanRemote,Token Metrics,",",$94k,7mo,https://web3.career/crypto-qa-automation-engineer-intern-pakistan-remote-tokenmetrics/68791
Crypto QA Automation Engineer Intern LisbonRemote,Token Metrics,",",$94k,7mo,https://web3.career/crypto-qa-automation-engineer-intern-lisbon-remote-tokenmetrics/68790
,,,,,
Crypto QA Automation Engineer Intern HanoiRemote,Token Metrics,",",$94k,7mo,https://web3.career/crypto-qa-automation-engineer-intern-hanoi-remote-tokenmetrics/68789
Crypto QA Automation Engineer Intern BudapestRemote,Token Metrics,",",$94k,7mo,https://web3.career/crypto-qa-automation-engineer-intern-budapest-remote-tokenmetrics/68788
Paralegal Jr Lawyer,Binance,",",,8mo,https://web3.career/paralegal-jr-lawyer-binance/68629
Junior Middle Rust Blockchain Developer,Metaverse Game Studios,dev,,8mo,https://web3.career/junior-middle-rust-blockchain-developer-metaverse-game-studios/68532
Graduate Traders,Auros,Remote,$41k,8mo,https://web3.career/graduate-traders-aurosglobal/68477
Risk Intern,Gemini,intern,$41k,8mo,https://web3.career/risk-intern-gemini/68358
Software Engineer Intern 2024,Circle - Referrals,Remote,$84k,8mo,https://web3.career/software-engineer-intern-2024-circlereferrals/67748
New Grad Software Engineer Backend 2024,Circle - Referrals,Remote,$100k,8mo,https://web3.career/new-grad-software-engineer-backend-2024-circlereferrals/67744
Compliance Tech Insights Intern,Circle - Referrals,Remote,$21k,8mo,https://web3.career/compliance-tech-insights-intern-circlereferrals/67739
Business Development Intern,WalletConnect,",",$45k,8mo,https://web3.career/business-development-intern-walletconnect/67701
Crypto Business Development Specialist Intern NonUS Remote,Token Metrics,",",$41k,8mo,https://web3.career/crypto-business-development-specialist-intern-non-us-remote-tokenmetrics/67677
